type,text
ham,Hope you are having a good week. Just checking in
ham,K..give back my thanks.
ham,Am also doing in cbe only. But have to pay.
spam,"complimentary 4 STAR Ibiza Holiday or £10,000 cash needs your URGENT collection. 09066364349 NOW from Landline not to lose out! Box434SK38WP150PPM18+"
spam,okmail: Dear Dave this is your final notice to collect your 4* Tenerife Holiday or #5000 CASH award! Call 09061743806 from landline. TCs SAE Box326 CW25WX 150ppm
ham,Aiya we discuss later lar... Pick u up at 4 is it?
ham,Are you this much buzy
ham,Please ask mummy to call father
spam,Marvel Mobile Play the official Ultimate Spider-man game (£4.50) on ur mobile right now. Text SPIDER to 83338 for the game & we ll send u a FREE 8Ball wallpaper
ham,"fyi I'm at usf now, swing by the room whenever"
ham,"Sure thing big man. i have hockey elections at 6, shouldn€˜t go on longer than an hour though"
ham,I anything lor...
ham,"By march ending, i should be ready. But will call you for sure. The problem is that my capital never complete. How far with you. How's work and the ladies"
ham,"Hmm well, night night "
ham,K I'll be sure to get up before noon and see what's what
ham,Ha ha cool cool chikku chikku:-):-DB-)
ham,Darren was saying dat if u meeting da ge den we dun meet 4 dinner. Cos later u leave xy will feel awkward. Den u meet him 4 lunch lor.
ham,He dint tell anything. He is angry on me that why you told to abi.
ham,Up to u... u wan come then come lor... But i din c any stripes skirt...
spam,"U can WIN £100 of Music Gift Vouchers every week starting NOW Txt the word DRAW to 87066 TsCs www.ldew.com SkillGame,1Winaweek, age16.150ppermessSubscription"
ham,2mro i am not coming to gym machan. Goodnight.
ham,ARR birthday today:) i wish him to get more oscar.
ham,Reading gud habit.. Nan bari hudgi yorge pataistha ertini kano:-)
ham,"I sent my scores to sophas and i had to do secondary application for a few schools. I think if you are thinking of applying, do a research on cost also. Contact joke ogunrinde, her school is one me the less expensive ones"
ham,"Could you not read me, my Love ? I answered you"
ham,So what did the bank say about the money?
ham,Well if I'm that desperate I'll just call armand again
ham,"Fuuuuck I need to stop sleepin, sup"
ham,So how's the weather over there?
ham,Ok thanx...
ham,Ok.ok ok..then..whats ur todays plan
ham,1Apple/Day=No Doctor. 1Tulsi Leaf/Day=No Cancer. 1Lemon/Day=No Fat. 1Cup Milk/day=No Bone Problms 3 Litres Watr/Day=No Diseases Snd ths 2 Whom U Care..:-)
ham,"Sorry, I'll call later"
ham,Will do. Was exhausted on train this morning. Too much wine and pie. You sleep well too
spam,U have won a nokia 6230 plus a free digital camera. This is what u get when u win our FREE auction. To take part send NOKIA to 83383 now. POBOX114/14TCR/W1 16
ham,Ron say fri leh. N he said ding tai feng cant make reservations. But he said wait lor.
ham,"Call me when you/carlos is/are here, my phone's vibrate is acting up and I might not hear texts"
ham,Oh k :)why you got job then whats up?
spam,"SPJanuary Male Sale! Hot Gay chat now cheaper, call 08709222922. National rate from 1.5p/min cheap to 7.8p/min peak! To stop texts call 08712460324 (10p/min)"
ham,Yeah you should. I think you can use your gt atm now to register. Not sure but if there's anyway i can help let me know. But when you do be sure you are ready.
ham,Nationwide auto centre (or something like that) on Newport road. I liked them there
ham,He is there. You call and meet him
ham,Yeah sure I'll leave in a min
spam,URGENT! Your Mobile number has been awarded with a £2000 prize GUARANTEED. Call 09061790121 from land line. Claim 3030. Valid 12hrs only 150ppm
ham,"Mah b, I'll pick it up tomorrow"
ham,Then she dun believe wat?
ham,I've sent u my part..
ham,Hey so whats the plan this sat? 
ham,Can you just come in for a sec? There's somebody here I want you to see
ham,Yup. Izzit still raining heavily cos i'm in e mrt i can't c outside.
ham,"I think we're going to finn's now, come"
ham,Our Prasanth ettans mother passed away last night. Just pray for her and family.
ham,"Enjoy the showers of possessiveness poured on u by ur loved ones, bcoz in this world of lies, it is a golden gift to be loved truly.."
ham,He's really into skateboarding now despite the fact that he gets thrown off of it and winds up with bandages all over his arms every five minutes
ham,You please give us connection today itself before  DECIMAL  or refund the bill
spam,Congratulations ur awarded 500 of CD vouchers or 125gift guaranteed & Free entry 2 100 wkly draw txt MUSIC to 87066 TnCs www.Ldew.com1win150ppmx3age16
ham,Mum not going robinson already.
ham,Got meh... When?
ham,We are both fine. Thanks
ham,"awesome, how do I deal with the gate? Charles told me last night but, uh, yeah"
ham,"I thought i'd get him a watch, just cos thats the kind of thing u get4an18th. And he loves so much!"
ham,Have a safe trip to Nigeria. Wish you happiness and very soon company to share moments with
ham,Hey! do u fancy meetin me at 4 at cha – hav a lil beverage on me. if not txt or ring me and we can meet up l8r. quite tired got in at 3 v.pist ;) love Pete x x x
ham,"no, i *didn't* mean to post it. I wrote it, and like so many other times i've ritten stuff to you, i let it sit there. it WAS what i was feeling at the time. I was angry. Before i left, i hit send, then stop. It wasn't there. I checked on my phone when i got to my car. It wasn't there. You said you didn't sleep, you were bored. So why wouldn't THAT be the time to clean, fold laundry, etc.? At least make the bed?"
ham,"If you want to mapquest it or something look up usf dogwood drive, that's the tiny street where the parking lot is"
ham,"Ha ha nan yalrigu heltini..Iyo kothi chikku, u shared many things wit me..so far i didn't told any body and even uttered a word abt u.. If ur trusting me so much how can i tell these to others.. Plz nxt time dont use those words to me..ok, chikku:-);-)B-)"
ham,Becoz its  #  jan whn al the post ofice is in holiday so she cn go fr the post ofice...got it duffer
ham,Good. do you think you could send me some pix? I would love to see your top and bottom...
ham,Beautiful Truth against Gravity.. Read carefully: Our heart feels light when someone is in it.. But it feels very heavy when someone leaves it.. GOOD NIGHT
ham,"Buzz! Hey, my Love ! I think of you and hope your day goes well. Did you sleep in ? I miss you babe. I long for the moment we are together again*loving smile*"
ham,Lara said she can loan me  # .
ham,Dunno leh cant remember mayb lor. So wat time r we meeting tmr?
ham,So wats ur opinion abt him and how abt is character?
ham,Oh oh... Wasted... Den muz chiong on sat n sun liao...
ham,Are you at work right now ?
ham,Bring home some Wendy =D
ham,Ok going to sleep. Hope i can meet her.
ham,Allo! We have braved the buses and taken on the trains and triumphed. I mean we€˜re in b€˜ham. Have a jolly good rest of week
ham,Hmmm:)how many players selected?
ham,You flippin out yet?
ham,Your board is working fine. The issue of overheating is also reslove. But still software inst is pending. I will come around 8'o clock.
spam,URGENT! Your Mobile number has been awarded with a £2000 prize GUARANTEED. Call 09061790121 from land line. Claim 3030. Valid 12hrs only 150ppm
spam,1000's of girls many local 2 u who r virgins 2 this & r ready 2 4fil ur every sexual need. Can u 4fil theirs? text CUTE to 69911(£1.50p. m)
ham,"Nope. Since ayo travelled, he has forgotten his guy"
ham,Hey tmr maybe can meet you at yck
ham,Ok i'm coming home now.
ham,u called dad oredi...
ham,"Alright, I'll head out in a few minutes, text me where to meet you"
ham,*deep sigh* ... I miss you :-( ... I am really surprised you haven't gone to the net cafe yet to get to me ... Don't you miss me?
ham,Will be office around 4 pm. Now i am going hospital.
spam,ASKED 3MOBILE IF 0870 CHATLINES INCLU IN FREE MINS. INDIA CUST SERVs SED YES. L8ER GOT MEGA BILL. 3 DONT CARE. BAILIFF DUE IN DAYS. I O £250 3 WANT £800
ham,Yup bathe liao...
ham,I am getting threats from your sales executive Shifad as i raised complaint against him. Its an official message.
ham,S.this will increase the chance of winning.
ham,How are you doing. How's the queen. Are you going for the royal wedding
ham,Dear reached railway. What happen to you
ham,Probably gonna swing by in a wee bit
ham,K k pa Had your lunch aha.
ham,Whom you waited for yesterday
spam,"Urgent Urgent! We have 800 FREE flights to Europe to give away, call B4 10th Sept & take a friend 4 FREE. Call now to claim on 09050000555. BA128NNFWFLY150ppm"
spam,"For ur chance to win a £250 wkly shopping spree TXT: SHOP to 80878. T's&C's www.txt-2-shop.com custcare 08715705022, 1x150p/wk"
ham,Ok give me 5 minutes I think I see her. BTW you're my alibi. You were cutting my hair the whole time.
ham,At home by the way
ham,Have a good evening! Ttyl
ham,Am watching house €“ very entertaining €“ am getting the whole hugh laurie thing €“ even with the stick €“ indeed especially with the stick.
ham,But my family not responding for anything. Now am in room not went to home for diwali but no one called me and why not coming. It makes me feel like died.
ham,"So many people seems to be special at first sight, But only very few will remain special to you till your last sight.. Maintain them till life ends.. take cr da"
ham,She's good. How are you. Where r u working now
ham,Ya i knw u vl giv..its ok thanks kano..anyway enjoy wit ur family wit 1st salary..:-);-)
ham,"Lol you forgot it eh ? Yes, I'll bring it in babe"
ham,Wow so healthy. Old airport rd lor. Cant thk of anything else. But i'll b bathing my dog later.
spam,This is the 2nd time we have tried to contact u. U have won the £1450 prize to claim just call 09053750005 b4 310303. T&Cs/stop SMS 08718725756. 140ppm
ham,have got * few things to do. may be in * pub later.
ham,Wat u doing now?
ham,"I'm a guy, browsin is compulsory"
ham,No i am not having not any movies in my laptop
ham,What should i eat fo lunch senor
ham,"Thank You for calling.Forgot to say Happy Onam to you Sirji.I am fine here and remembered you when i met an insurance person.Meet You in Qatar Insha Allah.Rakhesh, ex Tata AIG who joined TISSCO,Tayseer."
ham,No i'm not gonna be able to. || too late notice. || i'll be home in a few weeks anyway. || what are the plans
ham,AH POOR BABY!HOPE URFEELING BETTERSN LUV! PROBTHAT OVERDOSE OF WORK HEY GO CAREFUL SPK 2 U SN LOTS OF LOVEJEN XXX.
ham,Please dont say like that. Hi hi hi
ham,Really? I crashed out cuddled on my sofa.
ham,Dont show yourself. How far. Put new pictures up on facebook.
ham,I know! Grumpy old people. My mom was like you better not be lying. Then again I am always the one to play jokes...
ham,Boo I'm on my way to my moms. She's making tortilla soup. Yummmm
ham,What not under standing.
ham,"So you think i should actually talk to him? Not call his boss in the morning? I went to this place last year and he told me where i could go and get my car fixed cheaper. He kept telling me today how much he hoped i would come back in, how he always regretted not getting my number, etc."
ham,Pls tell nelson that the bb's are no longer comin. The money i was expecting aint coming
ham,I didnt get anything da
ham,I want snow. It's just freezing and windy.
ham,Bishan lar nearer... No need buy so early cos if buy now i gotta park my car...
ham,You stayin out of trouble stranger!!saw Dave the other day he’s sorted now!still with me bloke when u gona get a girl MR!ur mum still Thinks we will get 2GETHA! 
ham,"I've got  # , any way I could pick up?"
spam,Fancy a shag? I do.Interested? sextextuk.com txt XXUK SUZY to 69876. Txts cost 1.50 per msg. TnCs on website. X
ham,U can call me now...
ham,Eatin my lunch...
ham,"What will we do in the shower, baby?"
ham,Leave it wif me lar... u wan to carry meh so heavy... Is da num 98321561 familiar to u?
ham,No just send to you. Bec you in temple na.
ham,After completed degree. There is no use in joining finance.
ham,Hi! You just spoke to MANEESHA V. We'd like to know if you were satisfied with the experience. Reply Toll Free with Yes or No.
ham,alright tyler's got a minor crisis and has to be home sooner than he thought so be here asap
ham,Do I? I thought I put it back in the box
ham,I have many dependents
ham,"Once a fishrman woke early in d mrng. It was very dark. He waited a while & found a sack ful of stones. He strtd throwin thm in2 d sea 2 pass time. Atlast he had jus 1stone, sun rose up & he found out tht those r nt stones, those were diamonds. Moral:Dont wake up early in d mrng'' GOOD night"
ham,"Hello.How u doing?What u been up 2?When will u b moving out of the flat, cos I will need to arrange to pick up the lamp, etc. Take care. Hello caroline!"
ham,Hello darlin ive finished college now so txt me when u finish if u can love Kate xxx
ham,"Jus chillaxin, what up"
ham,No break time one... How... I come out n get my stuff fr u?
spam,Dear Dave this is your final notice to collect your 4* Tenerife Holiday or #5000 CASH award! Call 09061743806 from landline. TCs SAE Box326 CW25WX 150ppm
ham,Ok... Let u noe when i leave my house.
ham,I've been searching for the right words to thank you for this breather. I promise i wont take your help for granted and will fulfil my promise. You have been wonderful and a blessing at all times.
ham,Midnight at the earliest
ham,Pls ask macho how much is budget for bb bold 2 is cos i saw a new one for  #  dollars.
ham,U should make a fb list
ham,"Princess, is your kitty shaved or natural?"
ham,"Ahhhh...just woken up!had a bad dream about u tho,so i dont like u right now :) i didnt know anything about comedy night but i guess im up for it."
ham,He's an adult and would learn from the experience. There's no real danger. I just dont like peeps using drugs they dont need. But no comment
spam,U have a secret admirer who is looking 2 make contact with U-find out who they R*reveal who thinks UR so special-call on 09058094565
ham,"You know, wot people wear. T shirts, jumpers, hat, belt, is all we know. We r at Cribbs"
ham,Me fine..absolutly fine
ham,How much are we getting?
ham,Did you try making another butt.
spam,+123 Congratulations - in this week's competition draw u have won the £1450 prize to claim just call 09050002311 b4280703. T&Cs/stop SMS 08718727868. Over 18 only 150ppm
ham,I am sorry it hurt you.
spam,Show ur colours! Euro 2004 2-4-1 Offer! Get an England Flag & 3Lions tone on ur phone! Click on the following service message for info!
ham,Ok. C u then.
ham,Ok leave no need to ask
ham,Pansy! You've been living in a jungle for two years! Its my driving you should be more worried about!
ham,I remain unconvinced that this isn't an elaborate test of my willpower
spam,You have been specially selected to receive a 2000 pound award! Call 08712402050 BEFORE the lines close. Cost 10ppm. 16+. T&Cs apply. AG Promo
ham,"Sorry I missed you babe. I was up late and slept in. I hope you enjoy your driving lesson, boytoy. I miss you too ... *teasing kiss*"
spam,8007 25p 4 Alfie Moon's Children in Need song on ur mob. Tell ur m8s. Txt TONE CHARITY to 8007 for nokias or POLY CHARITY for polys :zed 08701417012 profit 2 charity 
ham,Mm have some kanji dont eat anything heavy ok
ham,I dont have any of your file in my bag..i was in work when you called me.i 'll tell you if i find anything in my room.
ham,Ya very nice. . .be ready on thursday
ham,Anything lar...
ham,Oh thanks a lot..i already bought 2 eggs ..
ham,I know complain num only..bettr directly go to bsnl offc nd apply for it..
ham,No no. I will check all rooms befor activities
ham,No pic. Please re-send.
ham,cThen i thk shd b enuff.. Still got conclusion n contents pg n references.. I'll b doing da contents pg n cover pg..
ham,I donno if they are scorable
ham,"Send ur birthdate with month and year, I will tel u ur LIFE PARTNER'S name. and the method of calculation. Reply must."
ham,BOO BABE! U ENJOYIN YOURJOB? U SEEMED 2 B GETTIN ON WELL HUNNY!HOPE URE OK?TAKE CARE & I’LLSPEAK 2U SOONLOTS OF LOVEME XXXX.
ham,Have you finished work yet? :)
spam,Sunshine Quiz Wkly Q! Win a top Sony DVD player if u know which country the Algarve is in? Txt ansr to 82277. £1.50 SP:Tyrone
spam,Send a logo 2 ur lover - 2 names joined by a heart. Txt LOVE NAME1 NAME2 MOBNO eg LOVE ADAM EVE 07123456789 to 87077 Yahoo! POBox36504W45WQ TxtNO 4 no ads 150p.
ham,Gud mrng dear hav a nice day
ham,You are a very very very very bad girl. Or lady.
ham,In e msg jus now. U said thanks for gift.
ham,it's still not working. And this time i also tried adding zeros. That was the savings. The checking is  # 
ham,Aiyah e rain like quite big leh. If drizzling i can at least run home.
ham,I have gone into get info bt dont know what to do
ham,That's a shame! Maybe cld meet for few hrs tomo?
spam,"Urgent! call 09066612661 from landline. Your complementary 4* Tenerife Holiday or £10,000 cash await collection SAE T&Cs PO Box 3 WA14 2PX 150ppm 18+ Sender: Hol Offer"
ham,Yupz... I've oredi booked slots 4 my weekends liao... 
ham,Is that on the telly? No its Brdget Jones!
ham,"Sorry man my account's dry or I would, if you want we could trade back half or I could buy some stuff with my credit card"
spam,"WELL DONE! Your 4* Costa Del Sol Holiday or £5000 await collection. Call 09050090044 Now toClaim. SAE, TCs, POBox334, Stockport, SK38xh, Cost£1.50/pm, Max10mins"
spam,FREE MSG:We billed your mobile number by mistake from shortcode 83332.Please call 08081263000 to have charges refunded.This call will be free from a BT landline
ham,"Gal n boy walking in d park. gal-can i hold ur hand? boy-y? do u think i would run away? gal-no, jst wana c how it feels walking in heaven with an prince..GN:-)"
ham,"Come to me, slave. Your doing it again ... Going into your shell and unconsciously avoiding me ... You are making me unhappy :-("
ham,If he started searching he will get job in few days.he have great potential and talent.
ham,"As in missionary hook up, doggy hook up, standing...|"
ham,Ok anyway no need to change with what you said
ham,#  great loxahatchee xmas tree burning update: you can totally see stars here
ham,hope things went well at 'doctors' ;) reminds me i still need 2go.did u c d little thing i left in the lounge?
ham,ELLO BABE U OK?
ham,u go home liao? Ask dad to pick me up at 6...
ham,u say until like dat i dun buy ericsson oso cannot oredi lar...
ham,Oooh I got plenty of those!
ham,What's a feathery bowa? Is that something guys have that I don't know about?
ham,"Aight I'll grab something to eat too, text me when you're back at mu"
ham,wiskey Brandy Rum Gin Beer Vodka Scotch Shampain Wine KUDIyarasu dhina vaazhthukkal. ..
ham,Sun ah... Thk mayb can if dun have anythin on... Thk have to book e lesson... E pilates is at orchard mrt u noe hor...  
ham,I don't know but I'm raping dudes at poker
ham,When is school starting. Where will you stay. What's the weather like. And the food. Do you have a social support system like friends in the school. All these things are important.
ham,Mm not entirely sure i understood that text but hey. Ho. Which weekend?
spam,"Last Chance! Claim ur £150 worth of discount vouchers today! Text SHOP to 85023 now! SavaMob, offers mobile! T Cs SavaMob POBOX84, M263UZ. £3.00 Sub. 16"
ham,You are gorgeous! keep those pix cumming :) thank you!
ham,Prabha..i'm soryda..realy..frm heart i'm sory
ham,It took Mr owl 3 licks
ham,No no. I will check all rooms befor activities
ham,Alright took the morphine. Back in yo.
ham,No:-)i got rumour that you going to buy apartment in chennai:-)
ham,You've already got a flaky parent. It'snot supposed to be the child's job to support the parent...not until they're The Ride age anyway. I'm supposed to be there to support you. And now i've hurt you. unintentional. But hurt nonetheless.
ham,Lol ok your forgiven :)
ham,Hi :)finally i completed the course:)
spam,Jamster! To get your free wallpaper text HEART to 88888 now! T&C apply. 16 only. Need Help? Call 08701213186.
ham,at bruce b downs & fletcher now
spam,"Urgent! call 09066350750 from your landline. Your complimentary 4* Ibiza Holiday or 10,000 cash await collection SAE T&Cs PO BOX 434 SK3 8WP 150 ppm 18+ "
ham,Yes I posted a couple of pics on fb. There's still snow outside too. I'm just waking up :)
ham,Well. Balls. Time to make calls
spam,How about getting in touch with folks waiting for company? Just txt back your NAME and AGE to opt in! Enjoy the community (150p/SMS)
ham,"Awesome, be there in a minute"
ham,Hey i've booked the 2 lessons on sun liao...
ham,S..antha num corrct dane
ham,Is it ok if I stay the night here? Xavier has a sleeping bag and I'm getting tired
ham,O. Well uv causes mutations. Sunscreen is like essential thesedays
ham,Boooo you always work. Just quit.
ham,"Can you please ask macho what his price range is, does he want something new or used plus it he only interfued in the blackberry bold  #  or any bb"
ham,In which place i can get rooms cheap:-)
ham,So why didnt you holla?
ham,"In case you wake up wondering where I am, I forgot I have to take care of something for grandma today, should be done before the parade"
ham,Hai priya are you right. What doctor said pa. Where are you.
ham,Is she replying. Has boye changed his phone number
ham,At what time are you coming.
ham,I hope your pee burns tonite.
spam,BIG BROTHER ALERT! The computer has selected u for 10k cash or #150 voucher. Call 09064018838. NTT PO Box CRO1327 18+ BT Landline Cost 150ppm mobiles vary
spam,For sale - arsenal dartboard. Good condition but no doubles or trebles!
ham,"4 tacos + 1 rajas burrito, right?"
ham,At the funeral home with Audrey and dad
ham,Hurry home u big butt. Hang up on your last caller if u have to. Food is done and I'm starving. Don't ask what I cooked.
ham,I place all ur points on e cultures module already.
ham,Goin to workout lor... Muz lose e fats... 
ham,Great escape. I fancy the bridge but needs her lager. See you tomo 
ham,"Babe ! How goes that day ? What are you doing ? Where are you ? I sip my cappuccino and think of you, my love ... I send a kiss to you from across the sea"
ham,What is this 'hex' place you talk of? Explain!
ham,He's just gonna worry for nothing. And he won't give you money its no use.
ham,"Ok., is any problem to u frm him? Wats matter?"
ham,I am taking half day leave bec i am not well
ham,Wishing you and your family Merry X mas and HAPPY NEW Year in advance..
ham,"Yes obviously, but you are the eggs-pert and the potato head... Speak soon! "
ham,Wen did you get so spiritual and deep. That's great
ham,Now am free call me pa.
ham,Dont know you bring some food
ham,In which place do you want da.
ham,Then why you came to hostel.
ham,Oh ya ya. I remember da. .
ham,"Hello! Just got here, st andrews-boy its a long way! Its cold. I will keep you posted"
ham,Long time. You remember me today.
ham,Arun can u transfr me d amt
ham,Are you staying in town ?
ham,"Cant believe i said so many things to you this morning when all i really wanted to say was good morning, i love you! Have a beautiful morning. See you in the library later."
ham," came to look at the flat, seems ok, in his 50s? * Is away alot wiv work. Got woman coming at 6.30 too."
spam,Camera - You are awarded a SiPix Digital Camera! call 09061221066 fromm landline. Delivery within 28 days
ham,Purity of friendship between two is not about smiling after reading the forwarded message..Its about smiling just by seeing the name. Gud evng
ham,Yup next stop.
ham,"Well done, blimey, exercise, yeah, i kinda remember wot that is, hmm. "
spam,URGENT! This is the 2nd attempt to contact U!U have WON £1000CALL 09071512432 b4 300603t&csBCM4235WC1N3XX.callcost150ppmmobilesvary. max£7. 50
ham,"K, if u bored up just come to my home.."
ham,When did i use soc... I use it only at home... u dunno how 2 type it in word ar...
ham,Unlimited texts. Limited minutes.
ham,I'm going out to buy mum's present ar.
ham,Haha... Really oh no... How? Then will they deduct your lesson tmr?
ham,Don no da:)whats you plan?
ham,I'm very happy for you babe ! Woo hoo party on dude!
ham,And is there a way you can send shade's stuff to her. And she has been wonderful too.
ham,"Sorry man, my stash ran dry last night and I can't pick up more until sunday"
ham,You still at the game?
ham,Cheers for the card ... Is it that time of year already?
ham,Oh shut it. Omg yesterday I had a dream that I had 2 kids both boys. I was so pissed. Not only about the kids but them being boys. I even told mark in my dream that he was changing diapers cause I'm not getting owed in the face.
ham,Carlos says he'll be at mu in  #  minutes
ham,"A Boy loved a gal. He propsd bt she didnt mind. He gv lv lttrs, Bt her frnds threw thm. Again d boy decided 2 aproach d gal , dt time a truck was speeding towards d gal. Wn it was about 2 hit d girl,d boy ran like hell n saved her. She asked 'hw cn u run so fast?' D boy replied Boost is d secret of my energy n instantly d girl shouted our energy n Thy lived happily 2gthr drinking boost evrydy Moral of d story:- I hv free msgs:D;): gud ni8"
ham,"I'm home, my love ... If your still awake ... *loving kiss*"
ham,Tell your friends what you plan to do on Valentines day @ URL
ham,Ok lor u reaching then message me.
ham,Booked ticket for pongal?
ham,Watching tv lor. Nice one then i like lor.
ham,Hi missed your Call and my mumHas beendropping red wine all over theplace! what is your adress?
spam,Guess what! Somebody you know secretly fancies you! Wanna find out who it is? Give us a call on 09065394514 From Landline DATEBox1282EssexCM61XN 150p/min 18
ham,Oh yeah clearly it's my fault
ham,MMM ... Merry Christmas to me
ham,Call to the number which is available in appointment. And ask to connect the call to waheed fathima.
ham,"I promise to take good care of you, princess. I have to run now. Please send pics when you get a chance. Ttyl!"
ham,haha but no money leh... Later got to go for tuition... Haha and looking for empty slots for driving lessons
spam,"Your free ringtone is waiting to be collected. Simply text the password MIX to 85069 to verify. Get Usher and Britney. FML, PO Box 5249, MK17 92H. 450Ppw 16"
ham,"Christmas is An occasion that is Celebrated as a Reflection of UR... Values..., Desires..., Affections...& Traditions.... Have an ideal Christmas..."
ham,May i call You later Pls
ham,Oh. U must have taken your REAL Valentine out shopping first.
ham,2marrow only. Wed at  #  to 2 aha.
ham,For me the love should start with attraction.i should feel that I need her every time around me.she should be the first thing which comes in my thoughts.I would start the day and end it with her.she should be there every time I dream.love will be then when my every breath has her name.my life should happen around her.my life will be named to her.I would cry for her.will give all my happiness and take all her sorrows.I will be ready to fight with anyone for her.I will be in love when I will be doing the craziest things for her.love will be when I don't have to proove anyone that my girl is the most beautiful lady on the whole planet.I will always be singing praises for her.love will be when I start up making chicken curry and end up makiing sambar.life will be the most beautiful then.will get every morning and thank god for the day because she is with me.I would like to say a lot..will tell later..
ham,Love has one law; Make happy the person you love. In the same way friendship has one law; Never make ur friend feel alone until you are alive.... Gud night
ham,Well then you have a great weekend!
spam,"Hello darling how are you today? I would love to have a chat, why dont you tell me what you look like and what you are in to sexy?"
ham,I'm working technical support :)voice process.networking field.
ham,i am seeking a lady in the street and a freak in the sheets. Is that you?
ham,"Wat time liao, where still got."
ham,"Each Moment in a day,has its own value-Morning brings hope,afternoon brings faith,Evening brings luv,Night brings rest,Wish u find them all today.Good Morning"
ham,Have you emigrated or something? Ok maybe 5.30 was a bit hopeful...
ham,"I.ll always be there, even if its just in spirit. I.ll get a bb soon. Just trying to be sure i need it."
ham,My friends use to call the same.
ham,K:)k:)what are detail you want to transfer?acc no enough?
ham,"The  # g that i saw a few days ago, the guy wants sell wifi only for  #  and with 3g for  # . That's why i blanked him."
ham,I think it's all still in my car
ham,Lol I know! Hey someone did a great inpersonation of flea on the forums. I love it!
spam,sexy sexy cum and text me im wet and warm and ready for some porn! u up for some fun? THIS MSG IS FREE RECD MSGS 150P INC VAT 2 CANCEL TEXT STOP
ham,In life when you face choices Just toss a coin not becoz its settle the question But while the coin in the air U will know what your heart is hoping for. Gudni8
ham,Yo im right by yo work
ham,In fact when do you leave? I think addie goes back to school tues or wed
ham,Hey i booked the kb on sat already... what other lessons are we going for ah? Keep your sat night free we need to meet and confirm our lodging 
spam,Text & meet someone sexy today. U can find a date or even flirt its up to U. Join 4 just 10p. REPLY with NAME & AGE eg Sam 25. 18 -msg recd@thirtyeight pence
spam,Freemsg: 1-month unlimited free calls! Activate SmartCall Txt: CALL to No: 68866. Subscriptn3gbp/wk unlimited calls Help: 08448714184 Stop?txt stop landlineonly
ham,I.ll get there tomorrow and send it to you
ham,", ow u dey.i paid 60,400thousad.i told  u would call . "
ham,K I'll take care of it
ham,Watching tv now. I got new job :)
ham,SYMPTOMS when U are in love: 1.U like listening songs 2.U get stopped where u see the name of your beloved 3.U won't get angry when your
ham,Dude got a haircut. Now its breezy up there
ham,And maybe some pressies
ham,"Haha good to hear, I'm officially paid and on the market for an 8th"
ham,"Yeah, probably earlier than that"
ham,Im done. Just studyn in library
ham,"Yo, call me when you get the chance, a friend of mine wanted me to ask you about a big order"
ham,I'll probably be around mu a lot
ham,is your hamster dead? Hey so tmr i meet you at 1pm orchard mrt? 
ham,Wait  #  min..
ham,Sweet heart how are you?
ham,In the end she might still vomit but its okay. Not everything will come out.
ham,"That's very rude, you on campus?"
ham,So do you have samus shoulders yet
ham,Ok i msg u b4 i leave my house.
spam,What do U want for Xmas? How about 100 free text messages & a new video phone with half price line rental? Call free now on 0800 0721072 to find out more!
ham,I dont have that much image in class.
ham,"My friend just got here and says he's upping his order by a few grams (he's got $ # ), when can you get here?"
spam,Moby Pub Quiz.Win a £100 High Street prize if u know who the new Duchess of Cornwall will be? Txt her first name to 82277.unsub STOP £1.50 008704050406 SP Arrow
ham,Hi ....My engagement has been fixd on  # th of next month. I know its really shocking bt....hmm njan vilikkam....t ws al of a sudn;-(.
spam,"You can stop further club tones by replying STOP MIX See my-tone.com/enjoy. html for terms. Club tones cost GBP4.50/week. MFL, PO Box 1146 MK45 2WT (2/3)"
spam,URGENT This is our 2nd attempt to contact U. Your £900 prize from YESTERDAY is still awaiting collection. To claim CALL NOW 09061702893. ACL03530150PM
ham,Yup i shd haf ard 10 pages if i add figures... u all got how many pages?
ham,Ok thanx...
ham,"Aight, tomorrow around  #  it is"
ham,Is toshiba portege m100 gd?
spam,Join the UK's horniest Dogging service and u can have sex 2nite!. Just sign up and follow the instructions. Txt ENTRY to 69888 now! Nyt.EC2A.3LP.msg@150p
ham,Thats cool! I am a gentleman and will treat you with dignity and respect.
ham,Sat right? Okay thanks... 
ham,Okie... Thanx...
ham,Wife.how she knew the time of murder exactly
spam,"Thanks for your ringtone order, reference number X49. Your mobile will be charged 4.50. Should your tone not arrive please call customer services 09065989182. From: [colour=red]text[/colour]TXTstar"
ham,"God picked up a flower and dippeditinaDEW, lovingly touched itwhichturnedinto u, and the he gifted tomeandsaid,THIS FRIEND IS 4U"
ham,Ah poop. Looks like ill prob have to send in my laptop to get fixed cuz it has a gpu problem
ham,Yes fine 
ham,Finally it has happened..! Aftr decades..! BEER is now cheaper than PETROL! The goverment expects us to DRINK. . . But don't DRIVE 
ham,Haven't eaten all day. I'm sitting here staring at this juicy pizza and I can't eat it. These meds are ruining my life.
ham,Thankyou so much for the call. I appreciate your care.
ham,K.k..how is your sister kids?
ham,"Sorry, I'll call later"
ham,Do u konw waht is rael FRIENDSHIP Im gving yuo an exmpel: Jsut ese tihs msg.. Evrey splleing of tihs msg is wrnog.. Bt sitll yuo can raed it wihtuot ayn mitsake.. GOODNIGHT & HAVE A NICE SLEEP..SWEET DREAMS..
ham,Happy new years melody!
ham,Dear good morning how you feeling dear
ham,All boys made fun of me today. Ok i have no problem. I just sent one message just for fun
ham,"Its ok., i just askd did u knw tht no?"
ham,U R THE MOST BEAUTIFUL GIRL IVE EVER SEEN. U R MY BABY COME AND C ME IN THE COMMON ROOM
spam,"URGENT! Your mobile No 077xxx WON a £2,000 Bonus Caller Prize on 02/06/03! This is the 2nd attempt to reach YOU! Call 09066362206 ASAP! BOX97N7QP, 150ppm"
ham,"Well, I meant as opposed to my drunken night of before"
ham,Dont think so. It turns off like randomlly within 5min of opening
spam,"You are being contacted by our Dating Service by someone you know! To find out who it is, call from your mobile or landline 09064017305 PoBox75LDNS7 "
ham,"Nothing. I meant that once the money enters your account here, the bank will remove its flat rate. Someone transfered  #  to my account and  # dollars got removed. So the banks differ and charges also differ.be sure you trust the 9ja person you are sending account details to cos..."
ham,Yoyyooo u know how to change permissions for a drive in mac. My usb flash drive
ham,Come aftr  DECIMAL ..now i m cleaning the house
ham,"Sorry, it's a lot of friend-of-a-friend stuff, I'm just now about to talk to the actual guy who wants to buy"
spam,You have WON a guaranteed £1000 cash or a £2000 prize. To claim yr prize call our customer service representative on 08714712394 between 10am-7pm
ham,I wonder if you'll get this text?
ham,i see. When we finish we have loads of loans to pay
ham,"Sorry pa, i dont knw who ru pa?"
ham,Neva mind it's ok..
ham,I hope you know I'm still mad at you.
ham,"Sad story of a Man - Last week was my b'day. My Wife did'nt wish me. My Parents forgot n so did my Kids . I went to work. Even my Colleagues did not wish. As I entered my cabin my PA said, '' Happy B'day Boss !!''. I felt special. She askd me 4 lunch. After lunch she invited me to her apartment. We went there. She said,'' do u mind if I go into the bedroom for a minute ? '' ''OK'', I sed in a sexy mood. She came out 5 minuts latr wid a cake...n My Wife, My Parents, My Kidz, My Friends n My Colleagues. All screaming.. SURPRISE !! and I was waiting on the sofa.. ... ..... ' NAKED...!"
spam,"Urgent UR awarded a complimentary trip to EuroDisinc Trav, Aco&Entry41 Or £1000. To claim txt DIS to 87121 18+6*£1.50(moreFrmMob. ShrAcomOrSglSuplt)10, LS1 3AJ"
ham,Can u get pic msgs to your phone?
spam,"YOU 07801543489 are guaranteed the latests Nokia Phone, a 40GB iPod MP3 player or a £500 prize! Txt word:COLLECT to No:83355! TC-LLC NY-USA 150p/Mt msgrcvd18+"
ham,"Maybe westshore or hyde park village, the place near my house?"
ham,Remind me how to get there and I shall do so
ham,"My sister in law, hope you are having a great month. Just saying hey. Abiola"
ham,"Chinatown got porridge, claypot rice, yam cake, fishhead beehoon... Either we eat cheap den go cafe n tok or go nydc or somethin..."
spam,"SMS SERVICES. for your inclusive text credits, pls goto www.comuk.net login= ***** unsubscribe with STOP. no extra charge. help:08700469649. PO BOX420. IP4 5WE"
ham,Are you this much buzy
ham,"Honeybee Said: *I'm d Sweetest in d World* God Laughed & Said: *Wait,U Havnt Met d Person Reading This Msg* MORAL: Even GOD Can Crack Jokes! GM+GN+GE+GN:)"
ham,So that means you still think of teju
ham,I take it we didn't have the phone callon Friday. Can we assume we won't have it this year now?
ham,Already am squatting is the new way of walking
ham,"1.20 that call cost. Which i guess isnt bad. Miss ya, need ya, want ya, love ya"
ham,I think u have the wrong number.
ham,"Lets use it next week, princess :)"
ham,"Sorry, I'll call later"
ham,He remains a bro amongst bros
ham,No..few hours before.went to hair cut .
ham,somewhere out there beneath the pale moon light someone think in of u some where out there where dreams come true... goodnite & sweet dreams
ham,I am not having her number sir
ham,"Yo my trip got postponed, you still stocked up?"
ham,"For you information, IKEA is spelled with all caps. That is not yelling. when you thought i had left you, you were sitting on the bed among the mess when i came in. i said we were going after you got home from class. please don't try and con me. It makes me want to listen to you less."
ham,"I didnt get ur full msg..sometext is missing, send it again"
ham,HIYA STU WOT U UP 2.IM IN SO MUCH TRUBLE AT HOME AT MOMENT EVONE HATES ME EVEN U! WOT THE HELL AV I DONE NOW? Y WONT U JUST TELL ME TEXT BCK PLEASE LUV DAN 
ham,Sorry da:)i was thought of calling you lot of times:)lil busy.i will call you at noon..
ham,Hiya do u like the hlday pics looked horrible in them so took mo out! Hows the camp Amrca thing? Speak soon Serena:)
ham,Id onluy matters when getting on from offcampus
ham,I liked your new house
ham,ALRITE HUNNY!WOT U UP 2 2NITE? DIDNT END UP GOIN DOWN TOWN JUS DA PUB INSTEAD! JUS CHILLIN AT DA MO IN ME BEDROOM!LOVE JEN XXX.
ham,"Fair enough, anything going on?"
ham,ALSO TELL HIM I SAID HAPPY BIRTHDAY
ham,Ill be there on  #  ok.
ham,How to Make a girl Happy? It's not at all difficult to make girls happy. U only need to be... 1. A friend 2. Companion 3. Lover 4. Chef . . .  # . Good listener  # . Organizer  # . Good boyfriend  # . Very clean  # . Sympathetic  # . Athletic  # . Warm . . .  # . Courageous  # . Determined  # . True  # . Dependable  # . Intelligent . . .  # . Psychologist  # . Pest exterminator  # . Psychiatrist  # . Healer . .  # . Stylist  # . Driver . . Aaniye pudunga venaam..
ham,Still in the area of the restaurant. Ill try to come back soon
ham,"hey, looks like I was wrong and one of the kappa guys numbers is still on my phone, if you want I can text him and see if he's around"
spam,GENT! We are trying to contact you. Last weekends draw shows that you won a £1000 prize GUARANTEED. Call 09064012160. Claim Code K52. Valid 12hrs only. 150ppm 
spam,Did you hear about the new Divorce Barbie? It comes with all of Ken's stuff!
ham,How many times i told in the stage all use to laugh. You not listen aha.
ham,I havent lei.. Next mon can?
ham,Dont pick up d call when something important is There to tell. Hrishi
ham,Lol well don't do it without me. We could have a big sale together.
ham,Am only searching for good dual sim mobile pa.
spam,"Dear Voucher Holder, To claim this weeks offer, at you PC please go to http://www.e-tlp.co.uk/reward. Ts&Cs apply."
ham,Si si. I think ill go make those oreo truffles.
ham,Tiwary to rcb.battle between bang and kochi.
ham,Just woke up. Yeesh its late. But I didn't fall asleep til # am :/
ham,Oh...i asked for fun. Haha...take care. u
ham,How? Izzit still raining?
spam,Panasonic & BluetoothHdset FREE. Nokia FREE. Motorola FREE & DoubleMins & DoubleTxt on Orange contract. Call MobileUpd8 on 08000839402 or call 2optout
spam,Customer service annoncement. You have a New Years delivery waiting for you. Please call 07046744435 now to arrange delivery
ham,Pls send me the correct name da.
ham,Dear got train and seat mine lower seat
ham,Why i come in between you people
ham,Can... I'm free...
ham,Oh ok no prob..
ham,Ok can...
ham,Are your freezing ? Are you home yet ? Will you remember to kiss your mom in the morning? Do you love me ? Do you think of me ? Are you missing me yet ?
ham,U coming 2 pick me?
ham,Reason is if the team budget is available at last they buy the unsold players for at base rate..
ham,Oooh bed ridden ey? What are YOU thinking of?
spam,Well done ENGLAND! Get the official poly ringtone or colour flag on yer mobile! text TONE or FLAG to 84199 NOW! Opt-out txt ENG STOP. Box39822 W111WX £1.50
ham,"Mum, hope you are having a great day. Hoping this text meets you well and full of life. Have a great day. Abiola"
ham,And of course you should make a stink!
ham,"A few people are at the game, I'm at the mall with iouri and kaila"
spam,<Forwarded from 21870000>Hi - this is your Mailbox Messaging SMS alert. You have 4 messages. You have 21 matches. Please call back on 09056242159 to retrieve your messages and matches
spam,WINNER! As a valued network customer you hvae been selected to receive a £900 reward! To collect call 09061701444. Valid 24 hours only. ACL03530150PM
ham,Is xy going 4 e lunch?
ham,I'm in school now n i'll be in da lab doing some stuff give me a call when u r done.
spam,This msg is for your mobile content order It has been resent as previous attempt failed due to network error Queries to customersqueries@netvision.uk.com
ham,"Fyi I'm taking a quick shower, be at epsilon in like  #  min"
ham,Nope i'm not drivin... I neva develop da photos lei...
ham,"Sorry, I'll call later"
ham,"Aight I've been set free, think you could text me blake's address? It occurs to me I'm not quite as sure what I'm doing as I thought I was"
ham,You got job in wipro:)you will get every thing in life in 2 or 3 years.
spam,"We know someone who you know that fancies you. Call 09058097218 to find out who. POBox 6, LS15HB 150p"
ham,Hi where you. You in home or calicut?
ham,There are some nice pubs near here or there is Frankie n Bennys near the warner cinema?
ham,No message..no responce..what happend?
ham,"Great. I'm in church now, will holla when i get out"
ham,will you like to be spoiled? :)
ham,They don't put that stuff on the roads to keep it from getting slippery over there?
ham,Pass dis to all ur contacts n see wat u get! Red;i'm in luv wid u. Blue;u put a smile on my face. Purple;u r realy hot. Pink;u r so swt. Orange;i thnk i lyk u. Green;i realy wana go out wid u. Yelow;i wnt u bck. Black;i'm jealous of u. Brown;i miss you Nw plz giv me one color
ham,Lol I was gonna last month. I cashed some in but I left # just in case. I was collecting more during the week cause they announced it on the blog.
ham,Me too baby! I promise to treat you well! I bet you will take good care of me...
ham,Thanx but my birthday is over already.
ham,About  # bucks. The banks fees are fixed. Better to call the bank and find out.
ham,"Thats a bit weird, even ?- where is the do supposed to be happening? But good idea, sure they will be in pub!"
ham,Yes.he have good crickiting mind
ham,Are you still playing with gautham?
spam,"URGENT! You have won a 1 week FREE membership in our £100,000 Prize Jackpot! Txt the word: CLAIM to No: 81010 T&C www.dbuk.net LCCLTD POBOX 4403LDNW1A7RW18"
ham,I asked sen to come chennai and search for job.
ham,Ya had just now.onion roast.
ham,Yeah I'll try to scrounge something up
ham,How i noe... She's in da car now... Later then c lar... I'm wearing shorts...
ham,Small problem in auction:)punj now asking tiwary
ham,Welp apparently he retired
ham,Okay same with me. Well thanks for the clarification
ham,Slept? I thinkThis time ( #  pm) is not dangerous
ham,Message from . I am at Truro Hospital on ext. You can phone me here. as I have a phone by my side
ham,Jordan got voted out last nite!
